Id,File
1,"Z:\gry\Nintendo\100_World_Story,_The_(Tr).zip"
2,Z:\gry\Nintendo\Hyaku no Sekai no Monogatari - The Tales on a Watery Wilderness (Japan).zip
3,"Z:\gry\Nintendo\10-Yard Fight (USA, Europe).zip"
4,"Z:\gry\Nintendo\1942 (Japan, USA) (En).zip"
5,Z:\gry\Nintendo\1943 - The Battle of Midway (USA).zip
6,Z:\gry\Nintendo\3-D WorldRunner (USA).zip
7,Z:\gry\Nintendo\720 Degrees (USA).zip
8,Z:\gry\Nintendo\8 Eyes (USA).zip
9,Z:\gry\Nintendo\Abadox - The Deadly Inner War (USA).zip
10,Z:\gry\Game Boy Color\Dragon Ball Z - Densetsu no Chou Senshi-tachi (Japan).zip
11,Z:\gry\Nintendo\Action 52 (USA) (Unl).zip
12,"Z:\gry\Nintendo\Addams Family, The (USA).zip"
13,"Z:\gry\Nintendo\Addams Family, The - Pugsley's Scavenger Hunt (USA).zip"
14,Z:\gry\Nintendo\Advanced_Dungeons_&_Dragons_-_Dragons_of_Flame_(Tr).zip
15,Z:\gry\Nintendo\Advanced Dungeons & Dragons - Heroes of the Lance (USA).zip
16,Z:\gry\Nintendo\Advanced Dungeons & Dragons - Hillsfar (USA).zip
17,Z:\gry\Nintendo\Advanced Dungeons & Dragons - Pool of Radiance (USA).zip
18,"Z:\gry\Nintendo\Adventures of Bayou Billy, The (USA).zip"
19,"Z:\gry\Nintendo\Captain Comic - The Adventure (USA, Brazil) (En) (Unl).zip"
20,Z:\gry\Nintendo\Adventures of Dino Riki (USA).zip
21,Z:\gry\Nintendo\Adventures_of_Musashi_(Tr).zip
22,Z:\gry\Nintendo\Musashi no Bouken (Japan).zip
23,"Z:\gry\Nintendo\Adventures of Rocky and Bullwinkle and Friends, The (USA).zip"
24,"Z:\gry\Nintendo\Adventures_of_Valecule,_The_(Tr).zip"
25,Z:\gry\Nintendo\Valkyrie no Bouken - Toki no Kagi Densetsu (Japan).zip
26,Z:\gry\Nintendo\Adventure Island (USA).zip
27,Z:\gry\Nintendo\Adventure Island II (USA).zip
28,Z:\gry\Nintendo\Adventure Island 3 (USA).zip
29,Z:\gry\Nintendo\Adventure_Island_4_(Tr).zip
30,Z:\gry\Nintendo\Takahashi Meijin no Bouken-jima IV (Japan).zip
31,Z:\gry\Nintendo\Adventures of Lolo (USA).zip
32,Z:\gry\Nintendo\Adventures of Lolo 2 (USA).zip
33,Z:\gry\Nintendo\Adventures of Lolo 3 (USA).zip
34,Z:\gry\Nintendo\Adventures in the Magic Kingdom (USA).zip
35,"Z:\gry\Nintendo\Adventures of Rad Gravity, The (USA).zip"
36,Z:\gry\Nintendo\Adventures of Tom Sawyer (USA).zip
37,Z:\gry\Nintendo\After Burner (USA) (Unl).zip
38,Z:\gry\Nintendo\Air Fortress (USA).zip
39,Z:\gry\Nintendo\Airwolf (USA) (Acclaim).zip
40,Z:\gry\Nintendo\Airwolf (Japan) (Kyugo).zip
41,Z:\gry\Nintendo\Airwolf_(Tr).zip
42,Z:\gry\Nintendo\Akumajyou_Densetsu_(Tr).zip
43,Z:\gry\Nintendo\Akumajou Densetsu (Japan).zip
44,Z:\gry\Nintendo\Alfred Chicken (USA).zip
45,Z:\gry\Nintendo\Alien 3 (USA).zip
46,Z:\gry\Nintendo\Alien Syndrome (USA) (Unl).zip
47,Z:\gry\Nintendo\All-Pro Basketball (USA).zip
48,Z:\gry\Nintendo\Alpha Mission (USA).zip
49,Z:\gry\Nintendo\Al Unser Jr. Turbo Racing (USA).zip
50,Z:\gry\Nintendo\Amagon (USA).zip
51,Z:\gry\Nintendo\American Gladiators (USA).zip
52,Z:\gry\Nintendo\Anticipation (USA).zip
53,Z:\gry\Nintendo\Archon (USA).zip
54,Z:\gry\Nintendo\Arch Rivals - A Basketbrawl! (USA).zip
55,Z:\gry\Nintendo\Arkanoid (USA).zip
56,Z:\gry\Nintendo\Arkista's Ring (USA).zip
57,Z:\gry\Nintendo\Armed_Dragon_Fantasy_-_Villgust_(Tr).zip
58,Z:\gry\Nintendo\Kouryuu Densetsu Villgust Gaiden (Japan).zip
59,Z:\gry\Nintendo\Astro_Fang_-_Super_Machine_(Tr).zip
60,Z:\gry\Nintendo\Astyanax (USA).zip
61,Z:\gry\Nintendo\Athena (USA).zip
62,Z:\gry\Nintendo\Athletic World (USA).zip
63,Z:\gry\Nintendo\Attack_Animal_Academy_(Tr).zip
64,Z:\gry\Nintendo\Attack Animal Gakuen (Japan) (Famicom 3D System).zip
65,Z:\gry\Nintendo\Attack of the Killer Tomatoes (USA).zip
66,Z:\gry\Nintendo\Baby Boomer (USA) (Unl).zip
67,Z:\gry\Nintendo\Back to the Future Part II & III (USA).zip
68,Z:\gry\Nintendo\Back to the Future (USA).zip
69,Z:\gry\Nintendo\Bad Street Brawler (USA).zip
70,Z:\gry\Nintendo\Bad Dudes (USA).zip
71,Z:\gry\Nintendo\Bad News Baseball (USA).zip
72,Z:\gry\Nintendo\Balloon Fight (USA).zip
73,Z:\gry\Nintendo\Banana_Prince_(Tr).zip
74,Z:\gry\Nintendo\Bandit Kings of Ancient China (USA).zip
75,Z:\gry\Nintendo\Barbie (USA).zip
76,"Z:\gry\Nintendo\Bard's Tale, The (USA).zip"
77,Z:\gry\Nintendo\Barker Bill's Trick Shooting (USA).zip
78,"Z:\gry\Nintendo\Baseball (USA, Europe).zip"
79,Z:\gry\Nintendo\Bases Loaded (USA).zip
80,Z:\gry\Nintendo\Bases Loaded II - Second Season (USA).zip
81,Z:\gry\Nintendo\Bases Loaded 3 (USA).zip
82,Z:\gry\Nintendo\Bases Loaded 4 (USA).zip
83,Z:\gry\Nintendo\Cyber Stadium Series - Base Wars (USA).zip
84,Z:\gry\Nintendo\Battle Chess (USA).zip
85,Z:\gry\Nintendo\Battletoads-Double Dragon (USA).zip
86,"Z:\gry\Nintendo\Battle of Olympus, The (USA).zip"
87,Z:\gry\Nintendo\Garry Kitchen's Battletank (USA).zip
88,Z:\gry\Nintendo\Battletoads (USA).zip
89,Z:\gry\Nintendo\Batman - The Video Game (USA).zip
90,Z:\gry\Nintendo\Batman - Return of the Joker (USA).zip
91,Z:\gry\Nintendo\Batman Returns (USA).zip
92,Z:\gry\Nintendo\Battleship (USA).zip
93,Z:\gry\Nintendo\Bee 52 (USA) (Unl).zip
94,Z:\gry\Nintendo\Beetlejuice (USA).zip
95,Z:\gry\Nintendo\Bill Elliott's NASCAR Challenge (USA).zip
96,Z:\gry\Nintendo\Best of the Best - Championship Karate (USA).zip
97,Z:\gry\Nintendo\Bible Adventures (USA) (Unl).zip
98,Z:\gry\Nintendo\Bible Buffet (USA) (v6.0) (Unl).zip
99,Z:\gry\Nintendo\Sesame Street - Big Bird's Hide & Speak (USA).zip
100,Z:\gry\Nintendo\Bigfoot (USA).zip
101,Z:\gry\Nintendo\Big Nose Freaks Out (USA) (v1.0) (Unl).zip
102,Z:\gry\Nintendo\Big Nose the Caveman (USA) (Unl).zip
103,Z:\gry\Nintendo\Bill & Ted's Excellent Video Game Adventure (USA).zip
104,Z:\gry\Nintendo\Bio_Miracle_Baby_Upa_(Tr).zip
105,Z:\gry\Nintendo\Bio Miracle Bokutte Upa (Japan).zip
106,Z:\gry\Nintendo\Bionic Commando (USA).zip
107,Z:\gry\Nintendo\Bio-Warrior_Dan_(Tr).zip
108,Z:\gry\Nintendo\Bio Senshi Dan - Increaser Tono Tatakai (Japan).zip
109,Z:\gry\Nintendo\Blackjack (USA) (Unl).zip
110,Z:\gry\Nintendo\Blades of Steel (USA).zip
111,"Z:\gry\Nintendo\Black Bass, The (USA).zip"
112,Z:\gry\Nintendo\Blaster Master (USA).zip
113,"Z:\gry\Nintendo\Blue Marlin, The (USA).zip"
114,"Z:\gry\Nintendo\Blues Brothers, The (USA).zip"
115,Z:\gry\Nintendo\Bo Jackson Baseball (USA).zip
116,Z:\gry\Nintendo\Bomberman (USA).zip
117,Z:\gry\Nintendo\Bomberman II (USA).zip
118,Z:\gry\Nintendo\Bonk's Adventure (USA).zip
119,Z:\gry\Nintendo\Boulder Dash (USA).zip
120,Z:\gry\Nintendo\David Crane's A Boy and His Blob - Trouble on Blobolonia (USA).zip
121,Z:\gry\Nintendo\Bram Stoker's Dracula (USA).zip
122,Z:\gry\Nintendo\BreakThru (USA).zip
123,Z:\gry\Nintendo\Break Time - The National Pool Tour (USA).zip
124,Z:\gry\Nintendo\Baseball Simulator 1.000 (USA).zip
125,Z:\gry\Nintendo\Baseball Stars (USA).zip
126,Z:\gry\Nintendo\Baseball Stars II (USA).zip
127,Z:\gry\Nintendo\Bubble Bobble (USA).zip
128,Z:\gry\Nintendo\Bubble Bobble Part 2 (USA).zip
129,Z:\gry\Nintendo\Bubble Bath Babes (USA) (Unl).zip
130,Z:\gry\Nintendo\Bucky O'Hare (USA).zip
131,"Z:\gry\Nintendo\Bugs Bunny Birthday Blowout, The (USA).zip"
132,Z:\gry\PlayStation\Langrisser IV & V - Final Edition (Japan) (Disc 1) (Langrisser IV Disc).7z
133,"Z:\gry\Nintendo\Bugs Bunny Crazy Castle, The (USA).zip"
134,Z:\gry\Nintendo\Bump 'n' Jump (USA).zip
135,Z:\gry\Nintendo\Burai Fighter (USA).zip
136,Z:\gry\Nintendo\BurgerTime (USA).zip
137,Z:\gry\Nintendo\Cabal (USA).zip
138,Z:\gry\Nintendo\Caesars Palace (USA).zip
139,Z:\gry\Nintendo\California Games (USA).zip
140,Z:\gry\Nintendo\Caltron - 6 in 1 (USA) (Unl).zip
141,Z:\gry\Nintendo\Captain America and the Avengers (USA).zip
142,Z:\gry\Nintendo\Captain Planet and the Planeteers (USA).zip
143,Z:\gry\Nintendo\Captain Skyhawk (USA).zip
144,Z:\gry\Nintendo\Casino Kid (USA).zip
145,Z:\gry\Nintendo\Casino Kid II (USA).zip
146,Z:\gry\Nintendo\Castelian (USA).zip
147,Z:\gry\Nintendo\Castle of Deceit (USA) (Unl).zip
148,Z:\gry\Nintendo\Castle of Dragon (USA).zip
149,Z:\gry\Nintendo\Castlequest (USA).zip
150,Z:\gry\Nintendo\Castlevania (USA).zip
151,Z:\gry\Nintendo\Castlevania III - Dracula's Curse (USA).zip
152,Z:\gry\Nintendo\Castlevania II - Simon's Quest (USA).zip
153,Z:\gry\Nintendo\Caveman Games (USA).zip
154,Z:\gry\Nintendo\Challenge of the Dragon (USA) (Color Dreams) (Unl).zip
155,Z:\gry\Nintendo\Bandai Golf - Challenge Pebble Beach (USA).zip
156,Z:\gry\Nintendo\Championship Bowling (USA).zip
157,Z:\gry\Nintendo\Chaos World (Japan).zip
158,Z:\gry\Nintendo\Cheetahmen II (USA) (Unl).zip
159,"Z:\gry\Nintendo\Chessmaster, The (USA).zip"
160,Z:\gry\Nintendo\Chester_Field_(Tr).zip
161,Z:\gry\Nintendo\Chester Field - Ankoku Shin e no Chousen (Japan).zip
162,Z:\gry\Nintendo\Chiller (USA) (Unl).zip
163,Z:\gry\Nintendo\Chip 'n Dale - Rescue Rangers (USA).zip
164,Z:\gry\Nintendo\Chip 'n Dale - Rescue Rangers 2 (USA).zip
165,Z:\gry\Nintendo\Championship Pool (USA).zip
166,Z:\gry\Nintendo\Choujin_Sentai_-_Jetman_(Tr).zip
167,Z:\gry\Nintendo\Chronicle_of_the_Radia_War_(Tr).zip
168,Z:\gry\Nintendo\Radia Senki - Reimei Hen (Japan).zip
169,Z:\gry\Nintendo\Chubby Cherub (USA).zip
170,Z:\gry\Nintendo\Chuuka_Taisen_(Tr).zip
171,Z:\gry\Nintendo\Circus Caper (USA).zip
172,Z:\gry\Nintendo\City Connection (USA).zip
173,Z:\gry\Nintendo\Clash at Demonhead (USA).zip
174,Z:\gry\Nintendo\Classic Concentration (USA).zip
175,Z:\gry\Nintendo\Cliffhanger (USA).zip
176,Z:\gry\Nintendo\Clu Clu Land (World).zip
177,Z:\gry\Nintendo\Cobra Command (USA).zip
178,Z:\gry\Nintendo\Cobra Triangle (USA).zip
179,Z:\gry\Nintendo\Cocoron_(Tr).zip
180,Z:\gry\Nintendo\Code Name - Viper (USA).zip
181,Z:\gry\Nintendo\Color a Dinosaur (USA).zip
182,Z:\gry\Nintendo\Commando (USA).zip
183,Z:\gry\Nintendo\Conan (USA).zip
184,Z:\gry\Nintendo\Conflict (USA).zip
185,Z:\gry\Nintendo\Conquest of the Crystal Palace (USA).zip
186,Z:\gry\Nintendo\Contra (USA).zip
187,Z:\gry\Nintendo\Contra Force (USA).zip
188,Z:\gry\Nintendo\Cool World (USA).zip
189,Z:\gry\Nintendo\Cosmo_Genesis_(Tr).zip
190,Z:\gry\Nintendo\Cosmo_Police_(Tr).zip
191,Z:\gry\Nintendo\Cosmo Police Galivan (Japan).zip
192,Z:\gry\Nintendo\Cowboy Kid (USA).zip
193,Z:\gry\Nintendo\Crash 'n' the Boys - Street Challenge (USA).zip
194,Z:\gry\Nintendo\Crystalis (USA).zip
195,Z:\gry\Super Nintendo\Fireteam Rogue (USA) (Proto 2) (1995-01-16).zip
196,Z:\gry\Nintendo\Crystal Mines (USA) (Unl).zip
197,Z:\gry\Nintendo\Cyberball (USA).zip
198,Z:\gry\Nintendo\Cybernoid - The Fighting Machine (USA).zip
199,Z:\gry\Nintendo\Dai_Senryaku_(Tr).zip
200,Z:\gry\Nintendo\Daisenryaku (Japan).zip
201,Z:\gry\Nintendo\Dance Aerobics (USA).zip
202,Z:\gry\Nintendo\Danny Sullivan's Indy Heat (USA).zip
203,Z:\gry\Nintendo\Darkman (USA).zip
204,Z:\gry\Nintendo\Darkwing Duck (USA).zip
205,Z:\gry\Nintendo\Dash Galaxy in the Alien Asylum (USA).zip
206,Z:\gry\Nintendo\Day Dreamin' Davey (USA).zip
207,Z:\gry\Nintendo\Days of Thunder (USA).zip
208,Z:\gry\Nintendo\Deathbots (USA) (Unl).zip
209,Z:\gry\Nintendo\Death Race (USA) (Unl).zip
210,Z:\gry\Super Nintendo\MACS Basic Rifle Marksmanship (USA) [b].zip
211,Z:\gry\Nintendo\Deadly Towers (USA).zip
212,Z:\gry\Nintendo\Deep_Dungeon_4_(Tr).zip
213,Z:\gry\Nintendo\Deep Dungeon IV - Kuro no Youjutsushi (Japan).zip
214,Z:\gry\Nintendo\Defender of the Crown (USA).zip
215,Z:\gry\Nintendo\Defenders of Dynatron City (USA).zip
215,Z:\gry\Nintendo\Crystal Mines (USA) (Unl).zip
216,Z:\gry\Nintendo\Cyberball (USA).zip
217,Z:\gry\Nintendo\Cybernoid - The Fighting Machine (USA).zip
218,Z:\gry\Nintendo\Dai_Senryaku_(Tr).zip
219,Z:\gry\Nintendo\Daisenryaku (Japan).zip
220,Z:\gry\Nintendo\Dance Aerobics (USA).zip
221,Z:\gry\Nintendo\Danny Sullivan's Indy Heat (USA).zip
222,Z:\gry\Nintendo\Darkman (USA).zip
223,Z:\gry\Nintendo\Darkwing Duck (USA).zip
224,Z:\gry\Nintendo\Dash Galaxy in the Alien Asylum (USA).zip
225,Z:\gry\Nintendo\Day Dreamin' Davey (USA).zip
226,Z:\gry\Nintendo\Days of Thunder (USA).zip
227,Z:\gry\Nintendo\Deathbots (USA) (Unl).zip
228,Z:\gry\Nintendo\Death Race (USA) (Unl).zip
229,Z:\gry\Super Nintendo\MACS Basic Rifle Marksmanship (USA) [b].zip
230,Z:\gry\Nintendo\Deadly Towers (USA).zip
231,Z:\gry\Nintendo\Deep_Dungeon_4_(Tr).zip
232,Z:\gry\Nintendo\Deep Dungeon IV - Kuro no Youjutsushi (Japan).zip
233,Z:\gry\Nintendo\Defender of the Crown (USA).zip
234,Z:\gry\Nintendo\Defenders of Dynatron City (USA).zip
235,Z:\gry\Nintendo\Defender II (USA).zip
236,Z:\gry\Nintendo\Deja Vu (USA).zip
237,Z:\gry\Nintendo\Demon Sword (USA).zip
238,Z:\gry\Nintendo\Desert Commander (USA).zip
239,Z:\gry\Nintendo\Destination Earthstar (USA).zip
240,Z:\gry\Nintendo\Destiny of an Emperor (USA).zip
241,Z:\gry\Nintendo\Destiny_of_an_Emperor_2_-_The_Story_of_Zhuge_Liang_(Tr).zip
242,Z:\gry\Nintendo\Tenchi o Kurau II - Shokatsu Koumei Den (Japan).zip
243,Z:\gry\Nintendo\Dezaemon_(Tr).zip
244,Z:\gry\Nintendo\Game Designer Yousei Soft - Dezaemon (Japan).zip
245,Z:\gry\Nintendo\Dick Tracy (USA).zip
245,Z:\gry\Nintendo\Dick Tracy (USA).zip
246,Z:\gry\Nintendo\Die Hard (USA).zip
247,Z:\gry\Nintendo\Dig Dug II - Trouble in Paradise (USA).zip
247,Z:\gry\Nintendo\Dig Dug II - Trouble in Paradise (USA).zip
248,Z:\gry\Nintendo\Digger T. Rock - The Legend of the Lost City (USA).zip
249,Z:\gry\Nintendo\Dirty Harry (USA).zip
250,Z:\gry\Nintendo\Dizzy the Adventurer (USA) (Aladdin Compact Cartridge) (Unl).zip
251,Z:\gry\Nintendo\Doki!_Doki!_Amusement_Park_(Tr).zip
252,Z:\gry\Nintendo\Doki! Doki! Yuuenchi - Crazy Land Daisakusen (Japan).zip
253,"Z:\gry\Nintendo\Donkey Kong Classics (USA, Europe).zip"
254,"Z:\gry\Nintendo\Donkey Kong Jr. Math (USA, Europe).zip"
255,Z:\gry\Nintendo\Donkey Kong Jr. (World) (Rev 1).zip
256,Z:\gry\Nintendo\Donkey Kong (World) (Rev 1).zip
257,Z:\gry\Nintendo\Donkey Kong 3 (World).zip
258,Z:\gry\Nintendo\Doraemon_-_The_Revenge_of_Giga_Zombie_(Tr).zip
259,Z:\gry\Nintendo\Doraemon - Giga Zombie no Gyakushuu (Japan).zip
260,Z:\gry\Nintendo\Doraemon_(Tr)_(H).zip
261,Z:\gry\Nintendo\Double Dare (USA).zip
262,Z:\gry\Nintendo\Double Dragon (USA).zip
263,Z:\gry\Nintendo\Double Dragon II - The Revenge (USA).zip
264,Z:\gry\Nintendo\Double Dragon III - The Sacred Stones (USA).zip
265,Z:\gry\Nintendo\Double Dribble (USA).zip
266,Z:\gry\Nintendo\Double Strike - Aerial Attack Force (USA) (Unl).zip
267,Z:\gry\Nintendo\Drac's Night Out (USA) (Proto).zip
268,Z:\gry\Nintendo\Dragon_Ball_(Tr)_(H).zip
269,Z:\gry\Nintendo\Dragon Fighter (USA).zip
270,Z:\gry\Nintendo\Dragon's Lair (USA).zip
271,Z:\gry\Nintendo\Dragon_Ball_Z_(Tr).zip
272,Z:\gry\Nintendo\Dragon Ball Z - Kyoushuu! Saiya Jin (Japan).zip
273,Z:\gry\Nintendo\Dragon Power (USA).zip
274,Z:\gry\Nintendo\Dragon Spirit - The New Legend (USA).zip
275,Z:\gry\Nintendo\Advanced Dungeons & Dragons - DragonStrike (USA).zip
276,Z:\gry\Nintendo\Dragon Warrior (USA).zip
277,Z:\gry\Nintendo\Dragon Warrior II (USA).zip
278,Z:\gry\Nintendo\Dragon Warrior III (USA).zip
279,Z:\gry\Nintendo\Dragon Warrior IV (USA).zip
280,Z:\gry\Nintendo\Dr. Chaos (USA).zip
281,Z:\gry\Nintendo\Dream_Penguin_Adventure_(Tr).zip
282,Z:\gry\Nintendo\Yume Penguin Monogatari (Japan).zip
283,Z:\gry\Nintendo\Dr. Jekyll and Mr. Hyde (USA).zip
284,"Z:\gry\Nintendo\Dr. Mario (Japan, USA) (En).zip"
285,Z:\gry\Nintendo\Duck Hunt (World).zip
286,Z:\gry\Nintendo\Dudes with Attitude (USA) (Unl).zip
287,Z:\gry\Nintendo\DuckTales (USA).zip
288,Z:\gry\Nintendo\DuckTales 2 (USA).zip
289,Z:\gry\Nintendo\Dungeon Magic - Sword of the Elements (USA).zip
290,Z:\gry\Nintendo\Dusty Diamond's All-Star Softball (USA).zip
291,Z:\gry\Nintendo\Dynowarz - The Destruction of Spondylus (USA).zip
292,Z:\gry\Nintendo\Earthbound_Zero_(P)_(H).zip
293,"Z:\gry\Nintendo\EarthBound Beginnings (USA, Europe) (Virtual Console).zip"
294,Z:\gry\Nintendo\Egypt_(Tr).zip
295,Z:\gry\Nintendo\Elevator Action (USA).zip
296,Z:\gry\Nintendo\Eliminator Boat Duel (USA).zip
297,Z:\gry\Nintendo\Chris Evert & Ivan Lendl in Top Players' Tennis (USA).zip
298,"Z:\gry\Nintendo\Excitebike (Japan, USA) (En).zip"
299,Z:\gry\Nintendo\Exodus - Journey to the Promised Land (USA) (v4.0) (Unl).zip
300,Z:\gry\Nintendo\F-117A Stealth Fighter (USA).zip
301,Z:\gry\Nintendo\F-15 City War (USA) (v1.0) (Unl).zip
302,Z:\gry\Nintendo\F-15 Strike Eagle (USA).zip
303,Z:\gry\Nintendo\Formula One - Built to Win (USA).zip
304,Z:\gry\Nintendo\Family Feud (USA).zip
305,"Z:\gry\Nintendo\Fantastic Adventures of Dizzy, The (USA) (Unl).zip"
306,Z:\gry\Nintendo\Fantasy Zone (USA) (Tengen) (Unl).zip
307,Z:\gry\Nintendo\Faria - A World of Mystery & Danger! (USA).zip
308,Z:\gry\Nintendo\Faxanadu (USA).zip
309,Z:\gry\Nintendo\Felix the Cat (USA) (Hudson).zip
310,Z:\gry\Nintendo\Ferrari Grand Prix Challenge (USA).zip
311,Z:\gry\Nintendo\Fester's Quest (USA).zip
312,Z:\gry\Nintendo\Final Fantasy (USA).zip
313,Z:\gry\Nintendo\Final_Fantasy_2_(Tr).zip
314,Z:\gry\Nintendo\Final_Fantasy_3_(Tr).zip
315,Z:\gry\Super Nintendo\Metal Jack (USA) (Proto) (1992-07-30).zip
316,Z:\gry\Super Nintendo\Mick & Mack as the Global Gladiators (USA) (Proto) [b].zip
317,Z:\gry\Nintendo\Fire_Bird_(Tr).zip
318,Z:\gry\Nintendo\Taiyou no Yuusha - Fighbird (Japan).zip
319,Z:\gry\Nintendo\Fire_Emblem_Gaiden_(Tr).zip
320,Z:\gry\Nintendo\Firehawk (USA) (Unl).zip
321,Z:\gry\Nintendo\Fire 'n Ice (USA).zip
322,Z:\gry\Nintendo\Fisher-Price - Firehouse Rescue (USA).zip
323,Z:\gry\Nintendo\Fisher-Price - I Can Remember (USA).zip
324,Z:\gry\Nintendo\Fisher-Price - Perfect Fit (USA).zip
325,Z:\gry\Nintendo\Fist of the North Star (USA).zip
326,Z:\gry\Nintendo\Flight of the Intruder (USA).zip
327,"Z:\gry\Nintendo\Flintstones, The - The Rescue of Dino & Hoppy (USA).zip"
328,"Z:\gry\Nintendo\Flintstones, The - The Surprise at Dinosaur Peak! (USA).zip"
329,Z:\gry\Nintendo\Flying Dragon - The Secret Scroll (USA).zip
330,Z:\gry\Nintendo\Flying Warriors (USA).zip
331,Z:\gry\Nintendo\Frankenstein - The Monster Returns (USA).zip
332,Z:\gry\Nintendo\Freedom Force (USA).zip
333,Z:\gry\Nintendo\Friday the 13th (USA).zip
334,Z:\gry\Nintendo\Fun House (USA).zip
335,Z:\gry\Nintendo\Future_Soldier_-_Lios_(Tr).zip
336,Z:\gry\Nintendo\Future Wars - Mirai Senshi Lios (Japan).zip
337,Z:\gry\Nintendo\Fuzzical_Fighter_(Tr).zip
338,Z:\gry\Nintendo\Galactic Crusader (USA) (Unl).zip
339,Z:\gry\Nintendo\Galaga - Demons of Death (USA).zip
340,Z:\gry\Nintendo\Galaxy 5000 - Racing in the 51st Century (USA).zip
341,Z:\gry\Nintendo\Game Genie (USA) (Unl).zip
342,Z:\gry\Nintendo\Ganbare_Goemon_(Tr).zip
343,Z:\gry\Nintendo\Ganbare Goemon! - Karakuri Douchuu (Japan).zip
344,Z:\gry\Nintendo\Gargoyle's Quest II (USA).zip
345,Z:\gry\Nintendo\Gauntlet (USA).zip
346,Z:\gry\Nintendo\Gauntlet II (USA).zip
347,Z:\gry\Nintendo\Gemfire (USA).zip
348,Z:\gry\Nintendo\Genghis Khan (USA).zip
349,Z:\gry\Nintendo\George Foreman's KO Boxing (USA).zip
350,Z:\gry\Nintendo\Getsu Fuuma Den (Tr).zip
351,Z:\gry\Nintendo\Ghostbusters II (USA).zip
352,Z:\gry\Nintendo\Ghostbusters (USA).zip
353,Z:\gry\Nintendo\Ghosts'n Goblins (USA).zip
354,Z:\gry\Nintendo\Ghoul School (USA).zip
355,Z:\gry\Nintendo\G.I. Joe - A Real American Hero (USA).zip
356,Z:\gry\Nintendo\G.I. Joe - The Atlantis Factor (USA).zip
357,"Z:\gry\Nintendo\Adventures of Gilligan's Island, The (USA).zip"
358,"Z:\gry\Nintendo\Glory_of_Heracles_2,_The_(Tr).zip"
359,Z:\gry\Nintendo\Heracles no Eikou II - Titan no Metsubou (Japan).zip
360,Z:\gry\Nintendo\Goal! (USA).zip
361,Z:\gry\Nintendo\Goal! Two (USA).zip
362,Z:\gry\Nintendo\Godzilla - Monster of Monsters! (USA).zip
363,Z:\gry\Nintendo\Godzilla 2 - War of the Monsters (USA).zip
364,Z:\gry\Nintendo\Capcom's Gold Medal Challenge '92 (USA).zip
365,"Z:\gry\Nintendo\Golf (USA, Asia) (En).zip"
366,Z:\gry\Nintendo\Golf Grand Slam (USA).zip
367,Z:\gry\Nintendo\Golgo 13 - Top Secret Episode (USA).zip
368,"Z:\gry\Nintendo\Goonies II, The (USA).zip"
369,Z:\gry\Nintendo\Gotcha! - The Sport! (USA).zip
370,Z:\gry\Nintendo\Gradius (USA).zip
371,"Z:\gry\Nintendo\Great Waldo Search, The (USA).zip"
372,Z:\gry\Nintendo\Greg Norman's Golf Power (USA).zip
373,Z:\gry\Nintendo\Gremlins 2 - The New Batch (USA).zip
374,Z:\gry\Nintendo\Contra (Japan).zip
375,Z:\gry\Nintendo\Gryzor(tr1).zip
376,Z:\gry\Nintendo\Contra_(Tr2).zip
377,"Z:\gry\Nintendo\Guardian Legend, The (USA).zip"
378,Z:\gry\Nintendo\Guerrilla War (USA).zip
379,"Z:\gry\Nintendo\Gumshoe (USA, Europe).zip"
380,Z:\gry\Nintendo\Gun Nac (USA).zip
381,Z:\gry\Nintendo\Gun.Smoke (USA).zip
382,Z:\gry\Nintendo\Gyromite (World).zip
383,Z:\gry\Nintendo\Gyruss (USA).zip
384,Z:\gry\Nintendo\Harlem Globetrotters (USA).zip
385,Z:\gry\Nintendo\Hatris (USA).zip
386,Z:\gry\Nintendo\Heavy Barrel (USA).zip
387,Z:\gry\Nintendo\Heavy Shreddin' (USA).zip
388,Z:\gry\Nintendo\Hello_Kitty's_Flower_Shop_(Tr).zip
389,Z:\gry\Nintendo\Hello Kitty no Ohanabatake (Japan).zip
390,Z:\gry\Nintendo\Hello_Kitty_World_(Tr).zip
391,Z:\gry\Nintendo\High Speed (USA).zip
392,Z:\gry\Nintendo\Hogan's Alley (World).zip
393,Z:\gry\Nintendo\Hollywood Squares (USA).zip
394,Z:\gry\Nintendo\Home Alone (USA).zip
395,Z:\gry\Nintendo\Home Alone 2 - Lost in New York (USA).zip
396,Z:\gry\Nintendo\Hook (USA).zip
397,Z:\gry\Nintendo\Hoops (USA).zip
398,Z:\gry\Game Boy Color\Dragon Ball Z - Guerreros de Leyenda (Spain) (Beta).zip
399,Z:\gry\Nintendo\Hotman_(Tr).zip
400,Z:\gry\Nintendo\Hottarman no Chitei Tanken (Japan).zip
401,Z:\gry\Nintendo\Hudson Hawk (USA).zip
402,"Z:\gry\Nintendo\Hunt for Red October, The (USA).zip"
403,Z:\gry\Nintendo\Hydlide (USA).zip
404,"Z:\gry\Nintendo\Ice Climber (USA, Europe, Korea) (En).zip"
405,Z:\gry\Nintendo\Ice Hockey (USA).zip
406,Z:\gry\Nintendo\Ikari Warriors II - Victory Road (USA).zip
407,Z:\gry\Nintendo\Ikari III - The Rescue (USA).zip
408,Z:\gry\Nintendo\Ikari Warriors (USA).zip
409,Z:\gry\Nintendo\Image Fight (USA).zip
410,Z:\gry\Nintendo\I'm_Kid_Dracula!_(Tr).zip
411,Z:\gry\Nintendo\Akumajou Special - Boku Dracula-kun (Japan).zip
412,"Z:\gry\Nintendo\Immortal, The (USA).zip"
413,Z:\gry\Nintendo\Impossible Mission II (USA) (Unl).zip
414,"Z:\gry\Nintendo\Incredible Crash Dummies, The (USA).zip"
415,Z:\gry\Nintendo\Indiana Jones and the Last Crusade (USA) (UBI Soft).zip
416,Z:\gry\Nintendo\Indiana Jones and the Temple of Doom (USA) (Unl).zip
417,Z:\gry\Nintendo\Indiana Jones and the Last Crusade (USA) (Taito).zip
418,Z:\gry\Nintendo\Indiana Jones and the Temple of Doom (USA).zip
419,Z:\gry\Nintendo\Infiltrator (USA).zip
420,Z:\gry\Nintendo\Iron Tank - The Invasion of Normandy (USA).zip
421,Z:\gry\Nintendo\Isolated Warrior (USA).zip
422,Z:\gry\Nintendo\Ivan 'Ironman' Stewart's Super Off Road (USA).zip
423,Z:\gry\Nintendo\Jackal (USA).zip
424,Z:\gry\Nintendo\Jack Nicklaus' Greatest 18 Holes of Major Championship Golf (USA).zip
425,Z:\gry\Nintendo\Jackie Chan's Action Kung Fu (USA).zip
426,Z:\gry\Nintendo\James Bond Jr (USA).zip
427,Z:\gry\Nintendo\Jaws (USA).zip
428,Z:\gry\Nintendo\Jeopardy! (USA).zip
429,Z:\gry\Nintendo\Jeopardy! 25th Anniversary Edition (USA).zip
430,Z:\gry\Nintendo\Jeopardy! Junior Edition (USA).zip
431,"Z:\gry\Nintendo\Jetsons, The - Cogswell's Caper (USA).zip"
432,Z:\gry\Nintendo\Jimmy Connors Tennis (USA).zip
433,Z:\gry\Nintendo\Joe & Mac (USA).zip
434,Z:\gry\Nintendo\John Elway's Quarterback (USA).zip
435,Z:\gry\Nintendo\Jordan vs Bird - One on One (USA).zip
436,Z:\gry\Nintendo\Joshua & the Battle of Jericho (USA) (v5.0) (Unl).zip
437,Z:\gry\Nintendo\Journey to Silius (USA).zip
438,Z:\gry\Nintendo\Joust (USA).zip
439,Z:\gry\Nintendo\Joy_Mech_Fight_(Tr).zip
440,"Z:\gry\Nintendo\Jungle Book, The (USA).zip"
441,Z:\gry\Nintendo\Jurassic Park (USA).zip
442,Z:\gry\Nintendo\Kabuki - Quantum Fighter (USA).zip
443,Z:\gry\Nintendo\Karate Champ (USA).zip
444,"Z:\gry\Nintendo\Karate Kid, The (USA).zip"
445,Z:\gry\Nintendo\Karnov (USA).zip
446,Z:\gry\Nintendo\Kero_Kero_Keroppi's_Big_Adventure_(Tr).zip
447,Z:\gry\Nintendo\Kero Kero Keroppi no Daibouken (Japan).zip
448,Z:\gry\Nintendo\Kero_Kero_Keroppi's_Great_Big_Adventure_2_(Tr).zip
449,Z:\gry\Nintendo\Kero Kero Keroppi no Daibouken 2 - Donuts Ike wa Oosawagi! (Japan).zip
450,Z:\gry\Nintendo\Keroppi_&_Keroleen's_Splash_Bomb!_(Tr).zip
451,Z:\gry\Nintendo\Keroppi to Keroriinu no Splash Bomb! (Japan).zip
452,Z:\gry\Nintendo\Kickle Cubicle (USA).zip
453,Z:\gry\Nintendo\KickMaster (USA).zip
454,"Z:\gry\Nintendo\Kid Icarus (USA, Europe).zip"
455,Z:\gry\Nintendo\Kid Klown in Night Mayor World (USA).zip
456,Z:\gry\Nintendo\Kid Kool and the Quest for the Seven Wonder Herbs (USA).zip
457,Z:\gry\Nintendo\Kid Niki - Radical Ninja (USA).zip
458,Z:\gry\Nintendo\Kid_Niki_2_(Tr).zip
459,Z:\gry\Nintendo\Kaiketsu Yancha Maru 2 - Karakuri Land (Japan).zip
460,Z:\gry\Nintendo\King Neptune's Adventure (USA) (Unl).zip
461,"Z:\gry\Nintendo\King of Kings, The - The Early Years (USA) (v1.1) (Unl).zip"
462,Z:\gry\Nintendo\Kings of the Beach - Professional Beach Volleyball (USA).zip
463,Z:\gry\Nintendo\King's Knight (USA).zip
464,Z:\gry\Nintendo\King's Quest V (USA).zip
465,Z:\gry\Nintendo\Kirby's Adventure (USA).zip
466,Z:\gry\Nintendo\Kiwi Kraze - A Bird-Brained Adventure! (USA).zip
467,Z:\gry\Nintendo\KlashBall (USA).zip
468,Z:\gry\Nintendo\Klax (USA) (Unl).zip
469,Z:\gry\Nintendo\Knight Rider (USA).zip
470,Z:\gry\Nintendo\Konami_World_(Tr).zip
471,Z:\gry\Nintendo\Konami Wai Wai World (Japan).zip
472,Z:\gry\Nintendo\Krazy Kreatures (USA) (Unl).zip
473,"Z:\gry\Nintendo\Krion Conquest, The (USA).zip"
474,Z:\gry\Nintendo\Krusty's Fun House (USA).zip
475,"Z:\gry\Nintendo\Kung Fu (Japan, USA) (En).zip"
476,Z:\gry\Nintendo\Kung_Fu_2_(Tr).zip
477,Z:\gry\Nintendo\Spartan X 2 (Japan).zip
478,Z:\gry\Nintendo\Kung-Fu Heroes (USA).zip
479,Z:\gry\Nintendo\Kunio-Kun's_Nekketsu_Soccer_League_(Tr).zip
480,Z:\gry\Nintendo\Kunio-kun no Nekketsu Soccer League (Japan).zip
481,Z:\gry\Nintendo\Laser Invasion (USA).zip
482,Z:\gry\Nintendo\Last Action Hero (USA).zip
483,"Z:\gry\Nintendo\Last Ninja, The (USA).zip"
484,"Z:\gry\Nintendo\Last Starfighter, The (USA).zip"
485,Z:\gry\Nintendo\Lee Trevino's Fighting Golf (USA).zip
486,Z:\gry\Nintendo\Legends of the Diamond - The Baseball Championship Game (USA).zip
487,"Z:\gry\Nintendo\Legend of Kage, The (USA).zip"
488,Z:\gry\Nintendo\Ghost Lion (USA).zip
489,Z:\gry\Nintendo\Legendary Wings (USA).zip
490,Z:\gry\Nintendo\Legacy of the Wizard (USA).zip
491,"Z:\gry\Nintendo\Legend of Zelda, The (USA).zip"
492,Z:\gry\Nintendo\Lemmings (USA).zip
493,"Z:\gry\Nintendo\Empereur, L' (USA).zip"
494,Z:\gry\Nintendo\Lethal Weapon (USA).zip
495,Z:\gry\Nintendo\Life Force (USA).zip
496,"Z:\gry\Nintendo\Linus Spacehead's Cosmic Crusade (USA) (En,Fr,De,Es) (Unl).zip"
497,Z:\gry\Nintendo\Little League Baseball - Championship Series (USA).zip
498,"Z:\gry\Nintendo\Little Mermaid, The (USA).zip"
499,Z:\gry\Nintendo\Little Nemo - The Dream Master (USA).zip
500,Z:\gry\Nintendo\Little Ninja Brothers (USA).zip
501,Z:\gry\Nintendo\Little Samson (USA).zip
502,Z:\gry\Nintendo\Lode Runner (USA).zip
503,"Z:\gry\Nintendo\Lone Ranger, The (USA).zip"
504,Z:\gry\Nintendo\Loopz (USA).zip
505,Z:\gry\Nintendo\Low G Man - The Low Gravity Man (USA).zip
506,Z:\gry\Nintendo\Lunar Pool (USA).zip
507,"Z:\gry\Nintendo\Mach Rider (Japan, USA) (En).zip"
508,Z:\gry\Nintendo\Mad Max (USA).zip
509,"Z:\gry\Nintendo\Mafat Conspiracy, The (USA).zip"
510,Z:\gry\Nintendo\Magic Darts (USA).zip
511,Z:\gry\Nintendo\Magic Johnson's Fast Break (USA).zip
512,Z:\gry\Nintendo\Magical_Doropie_(Tr).zip
513,Z:\gry\Nintendo\Magical Kid's Doropie (Japan).zip
514,Z:\gry\Nintendo\Magician (USA).zip
515,Z:\gry\Nintendo\Magmax (USA).zip
516,"Z:\gry\Nintendo\Magic of Scheherazade, The (USA).zip"
517,Z:\gry\Nintendo\Major League Baseball (USA).zip
518,Z:\gry\Nintendo\Maniac Mansion (USA).zip
519,Z:\gry\Nintendo\Mappy-Land (USA).zip
520,Z:\gry\Nintendo\Marble Madness (USA).zip
521,Z:\gry\Nintendo\Mario Bros. (World).zip
522,Z:\gry\Nintendo\Mario is Missing! (USA).zip
523,Z:\gry\Nintendo\Mario's Time Machine (USA).zip
524,Z:\gry\Nintendo\Master Chu and the Drunkard Hu (USA) (Unl).zip
525,Z:\gry\Nintendo\Maxi 15 (USA) (Unl).zip
526,Z:\gry\Nintendo\Maze_of_Galious_(Tr).zip
527,Z:\gry\Nintendo\Majou Densetsu II - Daimashikyou Galious (Japan).zip
528,Z:\gry\Nintendo\M.C. Kids (USA).zip
529,Z:\gry\Nintendo\Mechanized Attack (USA).zip
530,Z:\gry\Nintendo\Mega Man (USA).zip
531,Z:\gry\Nintendo\Mega Man 2 (USA).zip
532,Z:\gry\Nintendo\Mega Man 3 (USA).zip
533,Z:\gry\Nintendo\Mega Man 4 (USA).zip
534,Z:\gry\Nintendo\Mega Man 5 (USA).zip
535,Z:\gry\Nintendo\Mega Man 6 (USA).zip
536,Z:\gry\Nintendo\Menace Beach (USA) (Unl).zip
537,Z:\gry\Nintendo\Mendel Palace (USA).zip
538,Z:\gry\Nintendo\Mermaids of Atlantis - The Riddle of the Magic Bubble (USA) (Unl).zip
539,Z:\gry\Nintendo\Metal Fighter (USA) (Unl).zip
540,Z:\gry\Nintendo\Metal Gear (USA).zip
541,Z:\gry\Nintendo\MetalMech - Man & Machine (USA).zip
542,Z:\gry\Nintendo\Metal Storm (USA).zip
543,Z:\gry\Nintendo\Metroid (USA).zip
544,Z:\gry\Nintendo\Michael Andretti's World GP (USA).zip
545,Z:\gry\Nintendo\Mickey Mousecapade (USA).zip
546,Z:\gry\Nintendo\Mickey's Adventure in Numberland (USA).zip
547,Z:\gry\Nintendo\Mickey's Safari in Letterland (USA).zip
548,Z:\gry\Nintendo\Micro Machines (USA) (Unl).zip
549,"Z:\gry\Nintendo\MiG 29 - Soviet Fighter (USA, Europe) (Unl).zip"
550,Z:\gry\Nintendo\Mighty Final Fight (USA).zip
551,Z:\gry\Nintendo\Might & Magic - Secret of the Inner Sanctum (USA).zip
552,Z:\gry\Nintendo\Mighty Bomb Jack (USA).zip
553,"Z:\gry\Nintendo\Mike Tyson's Punch-Out!! (Japan, USA) (En).zip"
554,Z:\gry\Nintendo\Millipede (USA).zip
555,Z:\gry\Nintendo\Milon's Secret Castle (USA).zip
556,Z:\gry\Nintendo\Mini_Putt_(Tr).zip
557,Z:\gry\Nintendo\Mini-Putt (Japan).zip
558,"Z:\gry\Nintendo\Miracle Piano Teaching System, The (USA).zip"
559,Z:\gry\Super Nintendo\Mr. Bloopy - Saves the World (USA) (Proto) (1995-02-16).zip
560,Z:\gry\Nintendo\Mission Cobra (USA) (Unl).zip
561,Z:\gry\Nintendo\Mission - Impossible (USA).zip
562,Z:\gry\Nintendo\Mitsume_Ga_Tooru_(Tr).zip
563,Z:\gry\Nintendo\Mitsume ga Tooru (Japan).zip
564,Z:\gry\Nintendo\Moai_Kun_(Tr).zip
565,Z:\gry\Nintendo\Moai-kun (Japan).zip
566,Z:\gry\Nintendo\Monopoly (USA).zip
567,Z:\gry\Nintendo\Monster Party (USA).zip
568,Z:\gry\Nintendo\Monster in My Pocket (USA).zip
569,Z:\gry\Nintendo\Monster Truck Rally (USA).zip
570,Z:\gry\Nintendo\Moon_Crystal_(Tr).zip
571,Z:\gry\Nintendo\Moon Ranger (USA) (Unl).zip
572,Z:\gry\Nintendo\Motocross_Champion_(Tr).zip
573,Z:\gry\Nintendo\Motor City Patrol (USA).zip
574,Z:\gry\Nintendo\Ms. Pac-Man (USA) (Namco).zip
575,Z:\gry\Nintendo\Ms. Pac-Man (USA) (Tengen) (Unl).zip
576,Z:\gry\Nintendo\M.U.L.E. (USA).zip
577,Z:\gry\Nintendo\Muppet Adventure - Chaos at the Carnival (USA).zip
578,Z:\gry\Nintendo\M.U.S.C.L.E. - Tag Team Match (USA).zip
579,"Z:\gry\Nintendo\Mutant Virus, The - Crisis in a Computer World (USA).zip"
580,Z:\gry\Nintendo\Mystery Quest (USA).zip
581,Z:\gry\Nintendo\Nadia_(Tr).zip
582,Z:\gry\Nintendo\Fushigi no Umi no Nadia (Japan).zip
583,Z:\gry\Nintendo\NARC (USA).zip
584,Z:\gry\Nintendo\Naughty_Kokkuns_Gourmet_World_(Tr).zip
585,Z:\gry\Nintendo\Wanpaku Kokkun no Gourmet World (Japan).zip
586,Z:\gry\Nintendo\NES Open Tournament Golf (USA).zip
587,Z:\gry\Nintendo\NES Play Action Football (USA).zip
588,Z:\gry\Nintendo\NFL (USA).zip
589,Z:\gry\Nintendo\Nigel Mansell's World Championship Racing (USA).zip
590,"Z:\gry\Nintendo\Nightmare on Elm Street, A (USA).zip"
591,Z:\gry\Nintendo\Ninja_Boy_2_(Tr).zip
592,Z:\gry\Nintendo\Ninja-kun - Ashura no Shou (Japan).zip
593,Z:\gry\Nintendo\Ninja Crusaders (USA).zip
594,Z:\gry\Nintendo\Ninja Gaiden (USA).zip
595,Z:\gry\Nintendo\Ninja Gaiden II - The Dark Sword of Chaos (USA).zip
596,Z:\gry\Nintendo\Ninja Gaiden III - The Ancient Ship of Doom (USA).zip
597,Z:\gry\Nintendo\Ninja_Jajamaru_(Tr).zip
598,Z:\gry\Nintendo\Ninja Jajamaru - Ginga Daisakusen (Japan).zip
599,Z:\gry\Nintendo\Ninja Kid (USA).zip
600,Z:\gry\Nintendo\Nintendo World Cup (USA).zip
601,Z:\gry\Nintendo\Nightshade (USA).zip
602,Z:\gry\Nintendo\Nobunaga's Ambition (USA).zip
603,Z:\gry\Nintendo\Nobunaga's Ambition II (USA).zip
604,Z:\gry\Nintendo\North and South (USA).zip
605,Z:\gry\Nintendo\Operation Secret Storm (USA) (Unl).zip
606,Z:\gry\Nintendo\Operation Wolf (USA).zip
607,Z:\gry\Nintendo\Orb-3D (USA).zip
608,Z:\gry\Nintendo\Othello (USA).zip
609,Z:\gry\Nintendo\Overlord (USA).zip
610,Z:\gry\Nintendo\Paaman 2 - Down with the Secret Madou Society! (Tr).zip
611,Z:\gry\Nintendo\Perman Part 2 - Himitsu Kessha Madoodan o Taose! (Japan).zip
612,Z:\gry\Nintendo\Pac-Man (USA) (Tengen).zip
613,Z:\gry\Nintendo\Pac-Man (USA) (Namco).zip
614,"Z:\gry\Nintendo\Pac-Man (USA, Brazil) (En) (Tengen) (Unl).zip"
615,Z:\gry\Nintendo\Pac-Mania (USA) (Unl).zip
616,Z:\gry\Nintendo\Palamedes (USA).zip
617,Z:\gry\Nintendo\Panic Restaurant (USA).zip
618,Z:\gry\Nintendo\Paperboy (USA).zip
619,Z:\gry\Nintendo\Paperboy 2 (USA).zip
620,Z:\gry\Nintendo\Peek-A-Boo Poker (USA) (Unl).zip
621,Z:\gry\Nintendo\Penguin Kun Wars (Tr).zip
622,Z:\gry\Nintendo\Penguin-kun Wars (Japan).zip
623,Z:\gry\Nintendo\Pesterminator - The Western Exterminator (USA) (Unl).zip
624,Z:\gry\Nintendo\Fox's Peter Pan & the Pirates - The Revenge of Captain Hook (USA).zip
625,Z:\gry\Nintendo\Phantom Fighter (USA).zip
626,Z:\gry\Nintendo\Photon (Tr).zip
627,Z:\gry\Nintendo\Hikari no Senshi Foton - The Ultimate Game on Planet Earth (Japan).zip
628,Z:\gry\Nintendo\Pictionary - The Game of Video Quick Draw (USA).zip
629,Z:\gry\Nintendo\Pin Bot (USA).zip
630,"Z:\gry\Nintendo\Pinball (Japan, USA) (En).zip"
631,Z:\gry\Nintendo\Pinball Quest (USA).zip
632,Z:\gry\Nintendo\Pipe Dream (USA).zip
633,Z:\gry\Nintendo\Pirates! (USA).zip
634,Z:\gry\Nintendo\Platoon (USA).zip
635,Z:\gry\Nintendo\Popeye (World) (Rev 1).zip
636,Z:\gry\Nintendo\P.O.W. - Prisoners of War (USA).zip
637,Z:\gry\Nintendo\Power Blade (USA).zip
638,Z:\gry\Nintendo\Power Blade 2 (USA).zip
639,Z:\gry\Nintendo\Power Punch II (USA).zip
640,Z:\gry\Nintendo\P'Radikus Conflict (USA) (Unl).zip
641,Z:\gry\Nintendo\Predator (USA).zip
642,Z:\gry\Nintendo\Princesstual Orgy (Tr).zip
643,Z:\gry\Nintendo\Tashiro Masashi no Princess ga Ippai (Japan).zip
644,Z:\gry\Nintendo\Prince of Persia (USA).zip
645,Z:\gry\Nintendo\Princess Tomato in the Salad Kingdom (USA).zip
646,Z:\gry\Nintendo\Pro Sport Hockey (USA).zip
647,Z:\gry\Nintendo\Pro Wrestling (USA).zip
648,"Z:\gry\PlayStation\Diablo (USA) (En,Fr,De,Sv).7z"
649,"Z:\gry\Nintendo\Punisher, The (USA).zip"
650,Z:\gry\Nintendo\Puss 'n Boots - Pero's Great Adventure (USA).zip
651,Z:\gry\Nintendo\Puyo Puyo (Tr).zip
652,Z:\gry\Nintendo\Puzzle (USA) (Idea-Tek) (Unl).zip
653,Z:\gry\Nintendo\Puzznic (USA).zip
654,Z:\gry\Nintendo\Pyramid (USA) (Unl).zip
655,Z:\gry\Nintendo\Q-bert (USA).zip
656,Z:\gry\Nintendo\QIX (USA).zip
657,Z:\gry\Nintendo\Quattro Adventure (USA) (Unl).zip
658,Z:\gry\Nintendo\Quattro Arcade (USA) (Unl).zip
659,Z:\gry\Nintendo\Quattro Sports (USA) (Unl).zip
660,Z:\gry\Nintendo\Alex DeMeo's Race America (USA).zip
661,Z:\gry\Nintendo\Racket Attack (USA).zip
662,Z:\gry\Nintendo\Rad Racket - Deluxe Tennis II (USA) (Unl).zip
663,Z:\gry\Nintendo\Rad Racer (USA).zip
664,Z:\gry\Nintendo\Rad Racer II (USA).zip
665,Z:\gry\Nintendo\Raging Fire - Recca (Tr).zip
666,Z:\gry\Nintendo\Summer Carnival '92 - Recca (Japan) (En).zip
667,Z:\gry\Nintendo\Raid 2020 (USA) (Unl).zip
668,Z:\gry\Nintendo\Raid on Bungeling Bay (USA).zip
669,Z:\gry\Nintendo\Rainbow Islands (USA).zip
670,Z:\gry\Nintendo\Rainbow Silkroad (Tr).zip
671,Z:\gry\Nintendo\Niji no Silk Road (Japan).zip
672,Z:\gry\Nintendo\Rally Bike (USA).zip
673,Z:\gry\Nintendo\Rambo (USA).zip
674,Z:\gry\Nintendo\Rampage (USA).zip
675,Z:\gry\Nintendo\Rampart (USA) (Jaleco).zip
676,Z:\gry\Nintendo\R.B.I. Baseball (USA).zip
677,Z:\gry\Nintendo\R.B.I. Baseball 2 (USA) (Unl).zip
678,Z:\gry\Nintendo\R.B.I. Baseball 3 (USA) (Unl).zip
679,Z:\gry\Nintendo\R.B.I. Baseball (USA) (Unl).zip
680,Z:\gry\Nintendo\R.C. Pro-Am (USA).zip
681,Z:\gry\Nintendo\R.C. Pro-Am II (USA).zip
682,Z:\gry\Nintendo\Remote Control (USA).zip
683,Z:\gry\Nintendo\Renegade (USA).zip
684,"Z:\gry\Nintendo\Ren & Stimpy Show, The - Buckeroo$! (USA).zip"
685,Z:\gry\Nintendo\Rescue - The Embassy Mission (USA).zip
686,Z:\gry\Nintendo\Riki Kunio (Tr).zip
687,Z:\gry\Nintendo\Nekketsu Kakutou Densetsu (Japan).zip
688,Z:\gry\Nintendo\Ring King (USA).zip
689,Z:\gry\Nintendo\River City Ransom (USA).zip
690,Z:\gry\Nintendo\RoadBlasters (USA).zip
691,Z:\gry\Nintendo\Road Runner (USA) (Unl).zip
692,Z:\gry\Nintendo\Robin Hood - Prince of Thieves (USA).zip
693,Z:\gry\Nintendo\RoboCop (USA).zip
694,Z:\gry\Nintendo\RoboCop 2 (USA).zip
695,Z:\gry\Nintendo\RoboCop 3 (USA).zip
696,Z:\gry\Nintendo\Robodemons (USA) (Unl).zip
697,Z:\gry\Nintendo\Robo Warrior (USA).zip
698,Z:\gry\Nintendo\Racermate Challenge II (USA) (v3.11.088) (Unl).zip
699,"Z:\gry\Nintendo\Rocketeer, The (USA).zip"
700,Z:\gry\Nintendo\Rocket Ranger (USA).zip
701,Z:\gry\Nintendo\Rockman 2 - Dr. Wily's Riddle (Tr).zip
702,Z:\gry\Nintendo\Rockman 2 - Dr. Wily no Nazo (Japan).zip
703,Z:\gry\Nintendo\Rock 'n' Ball (USA).zip
704,Z:\gry\Nintendo\Rockin' Kats (USA).zip
705,Z:\gry\Nintendo\Roger Clemens' MVP Baseball (USA).zip
706,Z:\gry\Nintendo\Rolling Thunder (USA) (Unl).zip
707,Z:\gry\Nintendo\Rollerblade Racer (USA).zip
708,Z:\gry\Nintendo\Rollerball (USA).zip
709,Z:\gry\Nintendo\Rollergames (USA).zip
710,Z:\gry\Nintendo\Romance of the Three Kingdoms (USA).zip
711,Z:\gry\Nintendo\Romance of the Three Kingdoms II (USA).zip
712,Z:\gry\Nintendo\Roundball - 2-on-2 Challenge (USA).zip
713,Z:\gry\Nintendo\Rush'n Attack (USA).zip
714,Z:\gry\Nintendo\Rygar (USA).zip
715,Z:\gry\Nintendo\SanrioCarnival2.zip
716,Z:\gry\Nintendo\SanrioCup.zip
717,Z:\gry\Nintendo\S.C.A.T. - Special Cybernetic Attack Team (USA).zip
718,Z:\gry\Nintendo\SDSplatterHouse.zip
719,Z:\gry\Nintendo\Splatterhouse - Wanpaku Graffiti (Japan).zip
720,Z:\gry\Nintendo\Secret Scout in the Temple of Demise (USA) (Unl).zip
721,Z:\gry\Nintendo\Section-Z (USA).zip
722,Z:\gry\Nintendo\Seicross (USA).zip
723,Z:\gry\Nintendo\Sesame Street - 123 (USA).zip
724,Z:\gry\Nintendo\Sesame Street - ABC & 123 (USA).zip
725,Z:\gry\Nintendo\Sesame Street - ABC (USA).zip
726,Z:\gry\Nintendo\Sesame Street - Countdown (USA).zip
727,Z:\gry\Nintendo\Shadow of the Ninja (USA).zip
728,Z:\gry\Nintendo\Shadowgate (USA).zip
729,Z:\gry\Nintendo\Shatterhand (USA).zip
730,Z:\gry\Nintendo\ShiKinJou.zip
731,Z:\gry\Nintendo\Shikinjou (Japan).zip
732,Z:\gry\Nintendo\Shingen the Ruler (USA).zip
733,Z:\gry\Nintendo\Shinobi (USA) (Unl).zip
734,Z:\gry\Nintendo\Shockwave (USA) (Unl).zip
735,Z:\gry\Nintendo\Shooting Range (USA).zip
736,Z:\gry\Nintendo\Short Order + Eggsplode! (USA).zip
737,Z:\gry\Nintendo\ShufflepuckCafe.zip
738,Z:\gry\Nintendo\Side Pocket (USA).zip
739,Z:\gry\Nintendo\Silent Assault (USA) (Unl).zip
740,Z:\gry\Nintendo\Silent Service (USA).zip
741,Z:\gry\Nintendo\Silk Worm (USA).zip
742,Z:\gry\Nintendo\Silver Surfer (USA).zip
743,"Z:\gry\Nintendo\Simpsons, The - Bartman Meets Radioactive Man (USA).zip"
744,"Z:\gry\Nintendo\Simpsons, The - Bart vs. the Space Mutants (USA).zip"
745,"Z:\gry\Nintendo\Simpsons, The - Bart vs. the World (USA).zip"
746,Z:\gry\Nintendo\Skate or Die (USA).zip
747,Z:\gry\Nintendo\Skate or Die 2 - The Search for Double Trouble (USA).zip
748,Z:\gry\Nintendo\Ski or Die (USA).zip
749,Z:\gry\Nintendo\Skull & Crossbones (USA) (Unl).zip
750,Z:\gry\Nintendo\Sky Kid (USA).zip
751,Z:\gry\Nintendo\Sky Shark (USA).zip
752,Z:\gry\Nintendo\Slalom (USA).zip
753,Z:\gry\Nintendo\Smash T.V. (USA).zip
754,Z:\gry\Nintendo\Snake's Revenge (USA).zip
755,Z:\gry\Nintendo\Snake Rattle n Roll (USA).zip
756,Z:\gry\Nintendo\Snoopy's Silly Sports Spectacular! (USA).zip
757,Z:\gry\Nintendo\Snow Brothers (USA).zip
758,"Z:\gry\Nintendo\Soccer (Japan, USA) (En).zip"
759,
760,Z:\gry\Nintendo\Softball Tengoku (Japan).zip
761,Z:\gry\Nintendo\Solar Jetman - Hunt for the Golden Warpship (USA).zip
762,Z:\gry\Nintendo\Solbrain.zip
763,Z:\gry\Nintendo\Tokkyuu Shirei Solbrain (Japan).zip
764,Z:\gry\Nintendo\Solitaire (USA) (Unl).zip
765,Z:\gry\Nintendo\Solomon's Key (USA).zip
766,Z:\gry\Nintendo\Solstice - The Quest for the Staff of Demnos (USA).zip
767,Z:\gry\Nintendo\Space Shuttle Project (USA).zip
768,Z:\gry\Nintendo\Spelunker (USA).zip
769,Z:\gry\Nintendo\Spelunker2.zip
770,Z:\gry\Nintendo\Spelunker II - Yuusha e no Chousen (Japan).zip
771,Z:\gry\Nintendo\Spider-Man - Return of the Sinister Six (USA).zip
772,Z:\gry\Nintendo\Spiritual Warfare (USA) (v5.1) (Unl).zip
773,Z:\gry\Nintendo\Spot - The Video Game (USA).zip
774,Z:\gry\Nintendo\Spy Hunter (USA).zip
775,Z:\gry\Nintendo\Spy vs Spy (USA).zip
776,Z:\gry\Nintendo\Sqoon (USA).zip
777,Z:\gry\Nintendo\Stack-Up (World).zip
778,Z:\gry\Nintendo\Stadium Events (USA).zip
779,Z:\gry\Nintendo\Stanley - The Search for Dr. Livingston (USA).zip
780,Z:\gry\Nintendo\Star Force (USA).zip
781,Z:\gry\Nintendo\Starship Hector (USA).zip
782,Z:\gry\Nintendo\Star Soldier (USA).zip
783,Z:\gry\Nintendo\Star Trek - 25th Anniversary (USA).zip
784,"Z:\gry\Super Nintendo\Mr. Tuff (Europe) (En,Fr,De) (Proto) (1994-07-12).zip"
785,Z:\gry\Nintendo\StarTropics (USA).zip
786,Z:\gry\Nintendo\Zoda's Revenge - StarTropics II (USA).zip
787,Z:\gry\Nintendo\Star Trek - The Next Generation (USA).zip
788,Z:\gry\Nintendo\Star Voyager (USA).zip
789,Z:\gry\Nintendo\Star Wars (USA).zip
790,Z:\gry\Nintendo\Star Wars - The Empire Strikes Back (USA).zip
791,Z:\gry\Nintendo\Stealth ATF (USA).zip
792,Z:\gry\Nintendo\Sted.zip
793,Z:\gry\Nintendo\STED - Iseki Wakusei no Yabou (Japan).zip
794,Z:\gry\Nintendo\Stinger (USA).zip
795,Z:\gry\Nintendo\Strider (USA).zip
796,Z:\gry\Nintendo\Street Fighter 2010 - The Final Fight (USA).zip
797,Z:\gry\Nintendo\Street Cop (USA).zip
798,Z:\gry\Nintendo\Stunt Kids (USA) (Unl).zip
799,Z:\gry\Nintendo\SugoroQuest.zip
800,Z:\gry\Nintendo\Sugoro Quest - Dice no Senshitachi (Japan).zip
801,Z:\gry\Nintendo\SumoWrestling.zip
802,Z:\gry\Nintendo\Tsuppari Oozumou (Japan).zip
803,Z:\gry\Nintendo\Sunday Funday - The Ride (USA) (Unl).zip
804,Z:\gry\Nintendo\Super C (USA).zip
805,Z:\gry\Nintendo\Super Cars (USA).zip
806,Z:\gry\Nintendo\Super Jeopardy! (USA).zip
807,Z:\gry\Nintendo\Superman (USA) (Kemco).zip
808,Z:\gry\Nintendo\Super Mario Bros. + Duck Hunt (USA).zip
809,Z:\gry\Nintendo\Super Dodge Ball (USA).zip
810,Z:\gry\Nintendo\Super Glove Ball (USA).zip
811,Z:\gry\Nintendo\Super Mario Bros. (World).zip
812,Z:\gry\Nintendo\Super Mario Bros. 2 (USA).zip
813,Z:\gry\Nintendo\Super Mario Bros. 3 (USA).zip
814,Z:\gry\Nintendo\Super Mario Bros. + Duck Hunt + World Class Track Meet (USA).zip
815,Z:\gry\Nintendo\Super Pitfall (USA).zip
816,Z:\gry\Nintendo\Super Spike V'Ball (USA).zip
817,Z:\gry\Nintendo\Super Spike V'Ball + Nintendo World Cup (USA).zip
818,Z:\gry\Nintendo\Super Sprint (USA) (Unl).zip
819,Z:\gry\Nintendo\Super Spy Hunter (USA).zip
820,Z:\gry\Nintendo\Super Team Games (USA).zip
821,Z:\gry\Nintendo\SweetHome.zip
822,Z:\gry\Nintendo\Swamp Thing (USA).zip
823,Z:\gry\Nintendo\Sword Master (USA).zip
824,Z:\gry\Nintendo\Swords and Serpents (USA).zip
825,Z:\gry\Nintendo\Taboo - The Sixth Sense (USA).zip
826,Z:\gry\Nintendo\TabosTactics.zip
827,Z:\gry\Nintendo\Minna no Taabou no Nakayoshi Daisakusen (Japan).zip
828,Z:\gry\Nintendo\Tagin' Dragon (USA) (Unl).zip
829,Z:\gry\Nintendo\Tag Team Wrestling (USA).zip
830,Z:\gry\Nintendo\TaleSpin (USA).zip
831,Z:\gry\Nintendo\Town & Country Surf Designs - Wood & Water Rage (USA).zip
832,Z:\gry\Nintendo\Town & Country Surf Designs - Thrilla's Surfari (USA).zip
833,Z:\gry\Nintendo\Target - Renegade (USA).zip
834,Z:\gry\Nintendo\Tecmo Baseball (USA).zip
835,Z:\gry\Nintendo\Tecmo Bowl (USA).zip
836,Z:\gry\Nintendo\Tecmo Cup - Soccer Game (USA).zip
837,Z:\gry\Nintendo\TechnosIceHockey.zip
838,Z:\gry\Nintendo\Ike Ike! Nekketsu Hockey-bu - Subette Koronde Dairantou (Japan).zip
839,Z:\gry\Nintendo\TechnosSamurai.zip
840,Z:\gry\Nintendo\Downtown Special - Kunio-kun no Jidaigeki Da yo Zenin Shuugou! (Japan).zip
841,Z:\gry\Nintendo\Tecmo NBA Basketball (USA) (NES-BK).zip
842,Z:\gry\Nintendo\Tecmo Super Bowl (USA).zip
843,Z:\gry\Nintendo\Tecmo World Wrestling (USA).zip
844,Z:\gry\Nintendo\Teenage Mutant Ninja Turtles (USA).zip
